No,Soru,Cevap,Süre (Sn),Sadakat,Sayisal_D.,Atif_D.,Eksiksizlik,Uslup,GENEL_SKOR,Hakem_Gerekce
1,4458 sayılı Gümrük Kanunu'na göre 'Gümrük Beyanı' nedir?,"Gümrük beyanı, bir eşyanın gümrük rejimini belirleyen ve gümrük idaresine sunulan belgedir. Bu belge ile eşya sahibinin veya temsilcisinin, eşyanın türünü, miktarını, değerini ve diğer gerekli bilgileri bildirmesi gerekir.",3.93,5,5,4,5,5,4.8,Sadakat: 5 | Sayisal_Dogruluk: 5 | Atif_Dogrulugu: 4 | Eksiksizlik: 5 | Uslup: 5 | Gerekçe: Cevap tam ve eksiksizdir.
2,Gümrük Kanunu uyarınca 'Eşyanın Gümrük Statüsü' ne anlama gelir?,"Eşyanın gümrük statüsü, eşyanın ithalatı sırasında veya sonrasında sahip olduğu hukuksal durumun belirlenmesidir. Bu durum, eşyanın gümrük vergilerine tabi olup olmadığına, hangi vergi oranlarına göre hesaplanacağına ve diğer gümrük işlemlerine ilişkin olarak ne tür hükümlerin uygulanacağını belirler.",1.32,5,5,4,5,5,4.8,"Sadakat: 5 | Sayisal_Dogruluk: 5 | Atif_Dogrulugu: 4 | Eksiksizlik: 5 | Uslup: 5 | Gerekçe: Cevap, mevzuata uygun ve eksiksiz bir şekilde eşyanın gümrük statüsünü açıklamaktadır."
3,Gümrük idareleri tarafından verilen 'Bağlayıcı Tarife Bilgisi' (BTB) nedir?,"Gümrük idareleri tarafından verilen ""Bağlayıcı Tarife Bilgisi"" (BTB), gümrük kıymetinin belirlenmesinde kullanılan, ithal eşyasının fiilen ödenen veya ödenecek fiyatına ilave edilen unsurları içerir. Bu unsurlar arasında satın alma komisyonları dışındaki komisyonlar ve tellaliye, kapların maliyeti, işçilik ve malzeme giderleri dahil ambalaj bedeli, ithal eşyasının üretiminde kullanılan mal ve hizmetlerin kıymeti, royalti ve lisans ücretleri yer alır.",1.84,5,4,3,2,1,3.0,"Sadakat: 5 | Sayisal_Dogruluk: 4 | Atif_Dogrulugu: 3 | Eksiksizlik: 2 | Uslup: 1 | Gerekçe: Cevap, kaynak metninde yer alan bilgilerden hareketle verimli ve doğru bir şekilde hazırlanmıştır."
4,Gümrük Kanunu kapsamında 'Gümrük Gözetimi' tanımını yapınız.,"Gümrük Gözetimi, gümrük idaresinin bir malın ithalat, ihracat veya transit geçişini denetleyerek, ilgili mevzuata uygunluğunu kontrol eden ve gerekli durumlarda cezai işlemlere başvurabilen süreçtir.",1.15,5,5,4,5,5,4.8,"Sadakat: 5 | Sayisal_Dogruluk: 5 | Atif_Dogrulugu: 4 | Eksiksizlik: 5 | Uslup: 5 | Gerekçe: Cevap tam ve eksiksiz, uslupsal olarak da mükemmel."
5,Gümrük Kanunu'na göre 'Gümrük Kontrolü' neleri kapsar?,"Gümrük kontrolü altında işleme rejimi, serbest dolaşıma girmemiş eşyanın Türkiye Gümrük Bölgesinde, ithalat vergilerine veya ticaret politikası önlemlerine tabi tutulmaksızın, niteliğini veya durumunu değiştiren işlemlere tabi tutulmaları ve bu işlemlerden elde edilen ürünlerin gümrük vergileri üzerinden serbest dolaşıma girmelerine ilişkin hükümlerin uygulandığı rejimdir.",1.68,5,5,4,5,5,4.8,"Sadakat: 5 | Sayisal_Dogruluk: 5 | Atif_Dogrulugu: 4 | Eksiksizlik: 5 | Uslup: 5 | Gerekçe: Cevap, kaynak metinde yer alan bilgileri tam olarak yansıtmaktadır."
6,Eşyanın gümrükçe onaylanmış bir işlem veya kullanıma tabi tutulması ne demektir?,"Eşyanın gümrükçe onaylanmış bir işlem veya kullanıma tabi tutulması, eşyanın belirli bir gümrük rejimi veya ticaret politikası önleminin uygulanması anlamına gelir. Bu, genellikle eşyanın ithalat vergileri, tarife kotaları veya diğer gümrük yükümlülüklerinden muaf olarak kullanılması veya yeniden ihracı için gerekli işlemlerin tamamlanmasıdır.",1.38,5,4,4,3,4,4.0,"Sadakat: 5 | Sayisal_Dogruluk: 4 | Atif_Dogrulugu: 4 | Eksiksizlik: 3 | Uslup: 4 | Gerekçe: Cevap, genel olarak doğru bir şekilde eşyanın gümrükçe onaylanmış bir işlem veya kullanıma tabi tutulması anlamını vermişse de, bazı detaylarda eksik kalmıştır."
7,Gümrük Kanunu kapsamında 'Kişi' tanımı kimleri kapsar?,"Gümrük Kanununda ""Kişi"" tanımını incelemek gerekirse, bu kavramın kapsamı geniş bir anlam taşıyor. Genel olarak, ""Kişi"" terimi, hukuksal sorumluluklar ve yükümlülükler açısından, gerçek veya tüzel kişilerle ilgili tüm bireyleri ifade ediyor.

Bu tanıma göre, Gümrük Kanununda ""Kişi"" tanımı, aşağıdaki grupları kapsıyor:

1. **Gerçek Kişiler**: Bireysel olarak faaliyet gösteren kişiler, yani şirket sahipleri, ortaklar, yöneticiler ve çalışanlar.
2. **Tüzel Kişiler**: Şirketler, kooperatifler, dernekler gibi hukuksal kişilik taşıyan kuruluşlar.

Bu gruplar arasında, Gümrük Kanununda belirtilen hükümler ve sorumluluklar uygulanacak. Bu nedenle, ""Kişi"" tanımı, Gümrük Kanunu'nun kapsamı içinde yer alan tüm bireyleri ve hukuksal kişileri ifade ediyor.",2.52,5,5,4,5,5,4.8,"Sadakat: 5 | Sayisal_Dogruluk: 5 | Atif_Dogrulugu: 4 | Eksiksizlik: 5 | Uslup: 5 | Gerekçe: Cevap, ""Kişi"" tanımı ile ilgili soruya tam ve eksiksiz bir yanıt sunuyor."
8,Gümrük idaresine karşı 'Yükümlü' kimdir?,"Gümrük müşaviri ve gümrük müşavir yardımcısı birden fazla tüzel kişiliğe ortak olamaz. Bu hallerde, ilgili gümrük müşavirinin kişisel cezai sorumluluğu saklı kalmak kaydıyla, işlemi yapan kişi ile birlikte tüzel kişilik de gümrük idaresince alınan vergiler ve verilen para cezaları yönünden müteselsilen sorumludur.",1.31,5,5,4,5,5,4.8,"Sadakat: 5 | Sayisal_Dogruluk: 5 | Atif_Dogrulugu: 4 | Eksiksizlik: 5 | Uslup: 5 | Gerekçe: Cevap, mevzuata uygun ve eksiksiz bir şekilde verilmiştir."
9,Gümrük Kanunu'na göre 'Serbest Dolaşımda Bulunan Eşya' ne demektir?,"Eşyanın serbest dolaşıma girmesi, eşyayı ithal eden kişinin beyannameyi tescil ettirdiği anda gerçekleşir. Bu durum, eşyanın gümrük vergilerinden muaf olması veya kısmen muaf olması anlamına gelir.",1.05,4,5,3,2,4,3.6,"Sadakat: 4 | Sayisal_Dogruluk: 5 | Atif_Dogrulugu: 3 | Eksiksizlik: 2 | Uslup: 4 | Gerekçe: Sistem cevabında, ""Serbest Dolaşımda Bulunan Eşya"" tanımı tam olarak verilmediği için Eksiksizlik puanı düşük olmuştur."
10,Gümrük bölgesine giren araçların gümrük idaresine bildirilmesi zorunlu mudur?,"Hayır, bu durum için bir zorunluluk yoktur.",0.8,5,4,3,2,1,3.0,"Sadakat: 5 | Sayisal_Dogruluk: 4 | Atif_Dogrulugu: 3 | Eksiksizlik: 2 | Uslup: 1 | Gerekçe: Sistem cevabında, ""Hayır"" diyerek soruya cevap vermiş ancak bu durum için bir zorunluluk olup olmadığını açıklamayı ihmal etmiştir."
11,Gümrük idarelerinin çalışma saatleri dışında işlem yapılması mümkün müdür?,"Evet, çalışma saatleri dışında da işlem yapılabilir. Bu durumda, işin yapılacağı gümrük idarelerince yerinde görülürse, gerekli önlemler alınmak ve çalışacak personelin fazla çalışma ücreti ve varsa hak sahibine ödenecek kanunî yollukları karşılığı tutarlar, talep sahipleri tarafından ilgili muhasebe birimi hesabına yatırılmak koşuluyla kabul edilir.",1.31,5,5,4,5,5,4.8,"Sadakat: 5 | Sayisal_Dogruluk: 5 | Atif_Dogrulugu: 4 | Eksiksizlik: 5 | Uslup: 5 | Gerekçe: Cevap, mevzuata uygun ve eksiksiz bir şekilde verilmiştir."
12,Gümrük Kanunu'na göre 'Türkiye Gümrük Bölgesi' sınırları neresidir?,"Giriş ve çıkış kapıları ile bunları birbirine bağlayan yollar ve hava taşıtlarının Türkiye Gümrük Bölgesinde inebilecekleri gümrük işlemli havalimanları, ilgili kamu kuruluşlarının görüşleri alınarak Müsteşarlıkça tespit ediliyor.",1.03,5,4,3,2,1,3.0,"Sadakat: 5 | Sayisal_Dogruluk: 4 | Atif_Dogrulugu: 3 | Eksiksizlik: 2 | Uslup: 1 | Gerekçe: Cevap, sorulan soruya tam olarak cevap vermemektedir."
13,Gümrük beyannamesinde 'Temsil Hakkı' nasıl kullanılır?,"Gümrük beyannamesinde ""Temsil Hakkı"" kullanılması, genellikle bir gümrük müşaviri veya gümrük komisyoncusu tarafından temsil yetkisinin belirlenmesi için kullanılır. Bu yetki, gümrük idaresine karşı hukuken geçerli bir temsilci olarak hareket edebilmeyi sağlar.

""Temsil Hakkı"" ibaresi, genellikle gümrük beyannamesinin ""Talep ve Bildirimler"" veya ""İzin ve Yetkiler"" bölümünde yer alır. Bu yetki, gümrük idaresince verilir ve genellikle bir gümrük müşaviri veya gümrük komisyoncusu tarafından kullanılır.

Gümrük beyannamesinde ""Temsil Hakkı"" kullanılması, gümrük işlemlerinin daha hızlı ve kolay bir şekilde yürütülmesini sağlar. Bu yetki, gümrük idaresine karşı hukuken geçerli bir temsilci olarak hareket edebilmeyi sağlar ve bu sayede gümrük işlemleri daha etkin bir şekilde yönetilebilir.

Ancak, ""Temsil Hakkı"" kullanılması için gereken koşullar ve prosedürler, genellikle gümrük mevzuatında belirlenir. Bu nedenle, gümrük beyannamesinde ""Temsil Hakkı"" kullanılması için gereken koşulları ve prosedürleri bilmesi gereken kişiler, gümrük müşaviri veya gümrük komisyoncusu olmalıdır.",3.27,5,4,5,5,5,4.8,"Sadakat: 5 | Sayisal_Dogruluk: 4 | Atif_Dogrulugu: 5 | Eksiksizlik: 5 | Uslup: 5 | Gerekçe: Cevap, ""Temsil Hakkı"" ibaresinin kullanımını ve gümrük işlemlerinde temsil yetkisinin belirlenmesini açık bir şekilde açıklamıştır."
14,Dolaylı temsilci ile doğrudan temsilci arasındaki fark nedir?,"Dolaylı temsilcinin kendi adına hareket ettiği halde, başkasının hesabına hareket ettiğini beyan etmesi gerekirken, doğrudan temsilcinin ise direkt olarak başkasının ad ve hesabına hareket eder.",1.04,4,5,4,3,4,4.0,"Sadakat: 4 | Sayisal_Dogruluk: 5 | Atif_Dogrulugu: 4 | Eksiksizlik: 3 | Uslup: 4 | Gerekçe: Cevap doğrudan temsilci ile dolaylı temsilcinin arasındaki farkı açık bir şekilde açıklamış, ancak bazı detayları eksik bırakmıştır."
15,Gümrük müşavirlerinin hukuki sorumluluğu hangi maddede düzenlenmiştir?,Madde 227.,0.78,5,4,3,2,1,3.0,"Sadakat: 5 | Sayisal_Dogruluk: 4 | Atif_Dogrulugu: 3 | Eksiksizlik: 2 | Uslup: 1 | Gerekçe: Cevap, gümrük müşavirlerinin hukuki sorumluluğu ile ilgili soruya tam olarak cevap vermemektedir."
16,Yolcu beraberinde getirilen hediyelik eşyada 430 Euro sınırı kimler için geçerlidir?,"Değerli eşya limiti, yolcuların beraberindeki hediyelik eşyasında 430 EURO'yu geçmemek üzere uygulanır.",0.86,5,4,3,2,1,3.0,"Sadakat: 5 | Sayisal_Dogruluk: 4 | Atif_Dogrulugu: 3 | Eksiksizlik: 2 | Uslup: 1 | Gerekçe: Cevap sadece ""430 EURO'yu geçmemek üzere"" olarak sınırlı kalmış, diğer koşulların da açıklanmamış olması nedeniyle eksiksizlik puanı düşük."
17,15 yaşından küçük yolcular için hediyelik eşya muafiyet sınırı kaç Euro'dur?,430 EURO.,0.67,5,5,4,5,5,4.8,Sadakat: 5 | Sayisal_Dogruluk: 5 | Atif_Dogrulugu: 4 | Eksiksizlik: 5 | Uslup: 5 | Gerekçe: Cevap doğru ve eksiksiz.
18,Posta yoluyla gelen kitap ve benzeri basılı yayınlarda muafiyet sınırı var mıdır?,"Evet, posta yoluyla gelen kitap ve benzeri basılı yayınlar için muafiyet sınırı vardır. Bu tür eşyanın ithalinde, gümrük vergileri ödenmez, ancak bazı durumlarda özel izinler gerekebilir.",0.97,5,4,3,2,4,3.6,Sadakat: 5 | Sayisal_Dogruluk: 4 | Atif_Dogrulugu: 3 | Eksiksizlik: 2 | Uslup: 4 | Gerekçe: Cevap kısmında muafiyet sınırı ile ilgili olarak daha fazla ayrıntı verilmemiştir.
19,Gümrük vergilerinin ödenmesi için tanınan 10 günlük süre ne zaman başlar?,"Sürelerin başlangıcı, aksine özel bir hüküm bulunmadıkça uzatılamaz veya ertelenemez. Süre, tarih veya vadelerin bitim tarihinin resmi tatil gününe rastlaması halinde, bu süreler ilk işgününün resmi çalışma saatleri sonunda biter.",1.14,5,4,3,2,4,3.6,"Sadakat: 5 | Sayisal_Dogruluk: 4 | Atif_Dogrulugu: 3 | Eksiksizlik: 2 | Uslup: 4 | Gerekçe: Cevap, sorulan soruya doğrudan cevap vermemektedir."
20,Gümrük Kanunu'na göre itiraz süresi kaç gündür?,İtiraz süresi otuz gün içinde karara bağlanarak ilgili kişiye tebliğ edilir.,0.68,5,1,2,0,4,2.4,"Sadakat: 5 | Sayisal_Dogruluk: 1 | Atif_Dogrulugu: 2 | Eksiksizlik: 0 | Uslup: 4 | Gerekçe: Sistem cevabında, itiraz süresi otuz gün olarak belirtilmiştir. Ancak bu süre, Gümrük Kanunu'nun 242. maddesinde belirtilen iki farklı süreyi içermektedir. Birinci fıkra, yükümlülere tebliğ edilen gümrük vergileri, cezalar ve idari kararlara karşı tebliğ tarihinden itibaren onbeş gün içinde bir üst makama veya aynı makama itiraz etme imkanı sunarken, ikinci fıkrada ise idareye intikal eden itirazların otuz gün içinde karara bağlanması gerektirilmektedir."
21,Gümrük idaresi itirazları kaç gün içinde karara bağlamalıdır?,İdareye intikal eden itirazlar otuz gün içinde karara bağlanarak ilgili kişiye tebliğ edilir.,0.83,5,5,4,5,5,4.8,"Sadakat: 5 | Sayisal_Dogruluk: 5 | Atif_Dogrulugu: 4 | Eksiksizlik: 5 | Uslup: 5 | Gerekçe: Sistem cevabında, itirazların idareye intikali ile ilgili kişiye tebliğ edilmesi hususunda mevzuatta yer alan tüm bilgiler eksiksiz olarak yer almaktadır."
22,Geçici depolanan eşya deniz yoluyla gelmişse kaç gün içinde rejim beyan edilmelidir?,"Eşyanın deniz yoluyla gelmesi durumunda, rejim beyanı için otuz gün süre verilir.",0.71,5,5,4,5,5,4.8,Sadakat: 5 | Sayisal_Dogruluk: 5 | Atif_Dogrulugu: 4 | Eksiksizlik: 5 | Uslup: 5 | Gerekçe: Sistem cevabı tam olarak mevzuata uygun ve eksiksizdir.
23,Karayoluyla gelen eşya için geçici depolama süresi kaç gündür?,30 gün.,0.63,5,5,4,3,5,4.4,Sadakat: 5 | Sayisal_Dogruluk: 5 | Atif_Dogrulugu: 4 | Eksiksizlik: 3 | Uslup: 5 | Gerekçe: Cevap tam olarak sorulan soruya cevap veriyor.
24,Gümrük Kanunu Madde 241 uyarınca usulsüzlük cezası miktarı nasıl belirlenir?,"Usulsüzlük cezasının miktarı, Ticaret Bakanlığının 217 seri numaralı Gümrük Genel Tebliği ile belirlenmiştir. Bu tebliğ, 1/1/2026 tarihinden itibaren usulsüzlük cezasını 1.494,00 TL olarak uygulanacağı hüküm altına almıştır.",1.11,5,4,3,4,4,4.0,"Sadakat: 5 | Sayisal_Dogruluk: 4 | Atif_Dogrulugu: 3 | Eksiksizlik: 4 | Uslup: 4 | Gerekçe: Cevap, usulsüzlük cezasının miktarını açık bir şekilde belirtmiş ve kaynak mevzuatın ilgili maddesine atıfta bulunmuştur."
25,Yolcu beraberinde getirilen nakit paranın beyan edilmemesinin cezası nedir?,İki kat olarak alınır ve eşya sahibine teslim edilir.,0.68,5,4,3,2,1,3.0,Sadakat: 5 | Sayisal_Dogruluk: 4 | Atif_Dogrulugu: 3 | Eksiksizlik: 2 | Uslup: 1 | Gerekçe: Sistem cevabında eksiklik var. Nakit paranın beyan edilmemesinin cezası iki kat olarak alınır ve eşya sahibine teslim edilir.
26,Muafiyet kapsamında getirilen bir aracın kaç yıl süreyle satılması yasaktır?,"Bu soruya cevap vermek için, bazı hükümler gözden geçirilmelidir. Bu hükümlerde, kişisel kullanıma mahsus yabancı plakalı taşıtların ithali ve ihracı ile ilgili düzenlemeler yer almaktadır.

Geçici ithalat rejimi kapsamında getirilen araçlar için, bir hükümde belirtildiği gibi, bu araçların satılması yasak değildir. Ancak, başka bir hükümde belirtilen usulsüzlük cezaları, ihale veya perakende satış suretiyle tasfiye edilen eşyanın gümrük idaresine başvurularak bir gümrük rejimine tabi tutulması veya gümrük bölgesi dışına yeniden ihracı istenebilir.

Bu hükümlerden yola çıkarak, kişisel kullanıma mahsus yabancı plakalı taşıtların satılması için herhangi bir süre sınırı belirtilmemiştir.",2.06,5,4,3,2,1,3.0,"Sadakat: 5 | Sayisal_Dogruluk: 4 | Atif_Dogrulugu: 3 | Eksiksizlik: 2 | Uslup: 1 | Gerekçe: Cevap, bazı hükümlerden yola çıkarak kişisel kullanıma mahsus yabancı plakalı taşıtların satılması için herhangi bir süre sınırı belirtilmediğini belirtmektedir."
27,Gümrük vergilerinde zamanaşımı süresi kaç yıldır?,5 yıl.,0.63,5,4,3,2,1,3.0,"Sadakat: 5 | Sayisal_Dogruluk: 4 | Atif_Dogrulugu: 3 | Eksiksizlik: 2 | Uslup: 1 | Gerekçe: Sistem cevabında, zamanaşımı süresi ile ilgili olarak 6183 sayılı Amme Alacaklarının Tahsil Usulü Hakkında Kanun hükümlerinin uygulanacağı ancak bu kanunun hangi maddesinin ve ne şekilde uygulanacağının belirtilmediği için eksiksizlik puanı düşük verilmiştir."
28,Gümrük idaresine verilen teminatlar hangi durumlarda iade edilir?,"Teminatların iadesi, genellikle belirli koşulların yerine getirilmesi durumunda gerçekleşir. Bu durumun detayları, ilgili mevzuatta yer alan hükümlerle belirlenir. Teminatların iadesi, genel olarak ihbarda bulunulduğunda veya teminatlı işlemlerin iptalinde söz konusu olur.",1.37,5,4,3,2,4,3.6,"Sadakat: 5 | Sayisal_Dogruluk: 4 | Atif_Dogrulugu: 3 | Eksiksizlik: 2 | Uslup: 4 | Gerekçe: Teminatların iadesi, genel olarak ihbarda bulunulduğunda veya teminatlı işlemlerin iptalinde söz konusu olur."
29,İthalat vergilerinden tam muafiyet sağlanan durumlar nelerdir?,"167 nci madde uyarınca ithalat vergilerinden tam muaf olan eşyanın ihracı halinde, işlem görmüş ürünler de bu muafiyetten yararlandırılır.",0.91,5,4,3,2,1,3.0,"Sadakat: 5 | Sayisal_Dogruluk: 4 | Atif_Dogrulugu: 3 | Eksiksizlik: 2 | Uslup: 1 | Gerekçe: Sistem cevabı tam olarak 167 nci maddeye atıfta bulunsa da, muafiyetin sadece eşyanın ihracı halinde değil, aynı zamanda ithalatı halinde de geçerli olduğu açıkça belirtilmemiştir."
30,Posta kargolarında 150 Euro üzerindeki kişisel eşyalar nasıl vergilendirilir?,"Kişisel eşyanın ithalatı sırasında, gümrük kıymetinin belirlenmesine ilişkin usul ve esaslar yönetmelikle belirlenir. Bu nedenle, posta kargolarında 150 Euro üzerindeki kişisel eşyalar için de bu yönetmelik hükümleri uygulanır.",1.23,4,5,3,2,1,3.0,"Sadakat: 4 | Sayisal_Dogruluk: 5 | Atif_Dogrulugu: 3 | Eksiksizlik: 2 | Uslup: 1 | Gerekçe: Cevap, genel olarak doğru bir ifade içeriyor. Ancak, yönetmelik hükümlerinin ne olduğu ve kişisel eşyalar için hangi usullerin uygulanacağına dair daha detaylı açıklama yapmıyor."
31,Hangi miktar üzerindeki numuneler ticari nitelikte sayılır?,430 EURO'dan fazla olan numuneler.,0.65,5,5,4,5,5,4.8,Sadakat: 5 | Sayisal_Dogruluk: 5 | Atif_Dogrulugu: 4 | Eksiksizlik: 5 | Uslup: 5 | Gerekçe: Cevap tam olarak sorulan soruya cevap veriyor.
32,Gümrük vergisi geri verme veya kaldırma başvurusu kaç yıl içinde yapılmalıdır?,Bir yıl içerisinde yapılır.,0.74,5,5,4,5,5,4.8,Sadakat: 5 | Sayisal_Dogruluk: 5 | Atif_Dogrulugu: 4 | Eksiksizlik: 5 | Uslup: 5 | Gerekçe: Sistem cevabı tam olarak mevzuata uygun.
33,Gümrük beyannamesinde düzeltme yapılması için süre sınırı var mıdır?,"Evet, gümrük vergileri ile bunların ödenmelerine bağlı olarak tahsil edilmiş gecikme faizinin veya gecikme zammının geri verilmesinde, geri vermeye konu fazla tahsilatın yükümlüden kaynaklanması durumunda geri verme başvurusunun yapıldığı tarihten, diğer durumlarda ise tahsilat tarihinden geri verme kararının tebliğ edildiği tarihe kadar geçen süre için geri verilecek tutar üzerinden, aynı dönemde kanuni faiz oranında hesaplanan faiz ödenir.",1.56,5,4,3,2,1,3.0,"Sadakat: 5 | Sayisal_Dogruluk: 4 | Atif_Dogrulugu: 3 | Eksiksizlik: 2 | Uslup: 1 | Gerekçe: Cevap gümrük vergileri ile bunların ödenmelerine bağlı olarak tahsil edilmiş gecikme faizinin veya gecikme zammının geri verilmesinde, geri vermeye konu fazla tahsilatın yükümlüden kaynaklanması durumunda geri verme başvurusunun yapıldığı tarihten, diğer durumlarda ise tahsilat tarihinden geri verme kararının tebliğ edildiği tarihe kadar geçen süre için geri verilecek tutar üzerinden, aynı dönemde kanuni faiz oranında hesaplanan faiz ödenir. Cevap gümrük vergileri ile bunların ödenmelerine bağlı olarak tahsil edilmiş gecikme faizinin veya gecikme zammının geri verilmesinde, geri vermeye konu fazla tahsilatın yükümlüden kaynaklanması durumunda geri verme başvurusunun yapıldığı tarihten, diğer durumlarda ise tahsilat tarihinden geri verme kararının tebliğ edildiği tarihe kadar geçen süre için geri verilecek tutar üzerinden, aynı dönemde kanuni faiz oranında hesaplanan faiz ödenir."
34,Tasfiyelik hale gelen eşya için bekleme süresi kaç gündür?,Otuz gün.,0.67,5,5,4,5,5,4.8,Sadakat: 5 | Sayisal_Dogruluk: 5 | Atif_Dogrulugu: 4 | Eksiksizlik: 5 | Uslup: 5 | Gerekçe: Cevap otuz gün olarak verilmiştir.
35,Bağlayıcı Menşe Bilgisi kaç yıl süreyle geçerlidir?,"İlgili kişiler, belge ve bilgileri gümrük kontrolü amacıyla beş yıl süre ile saklamak zorundadırlar.",0.71,5,5,4,5,5,4.8,"Sadakat: 5 | Sayisal_Dogruluk: 5 | Atif_Dogrulugu: 4 | Eksiksizlik: 5 | Uslup: 5 | Gerekçe: Sistem cevabında, sorulan soruya tam olarak cevap verilmiş ve bu cevap mevzuata uygun bir şekilde belirlenmiştir."
36,Serbest Dolaşıma Giriş Rejimi nedir?,"Serbest dolaşıma giriş rejimi, ithal eşyasının serbest dolaşıma girmesinden önce Türkiye Gümrük Bölgesi dışına ihraç edilmesi hükmünü içerir.",0.88,4,5,3,2,4,3.6,"Sadakat: 4 | Sayisal_Dogruluk: 5 | Atif_Dogrulugu: 3 | Eksiksizlik: 2 | Uslup: 4 | Gerekçe: Cevap, serbest dolaşıma giriş rejimi ile ilgili olarak sadece bir maddeye atıfta bulunmakta ve diğer maddelerdeki açıklamalarla uyumlu olmayıp, cevapta eksiklikler mevcuttur."
37,Transit Rejimi kapsamında eşya taşınırken teminat zorunlu mudur?,"Hayır, transit rejimine tabi tutulan eşyanın taşınması için teminat verilmesi zorunludur.",0.93,1,0,2,3,4,2.0,Sadakat: 1 | Sayisal_Dogruluk: 0 | Atif_Dogrulugu: 2 | Eksiksizlik: 3 | Uslup: 4 | Gerekçe: Cevap transit rejimi ile ilgili maddede yer almamaktadır.
38,Antrepo Rejimi nedir ve kaç tip antrepo vardır?,"Antrepo rejimi, gümrük idareleri tarafından işletilen veya özel kişilerce izin verilen yerlerde eşyanın muhafaza edilmesine ilişkin kuralları kapsar. Bu rejim, gümrük gözetimi altında bulundurulan eşyayı koruma ve kontrolü sağlar.

Gümrük antrepoları ile gümrük kapılarında eşya satışı yapmak üzere özel antrepo statüsünde mağaza ve bunların depolarının açılması ve işletilmesine izin vermeye Müsteşarlık yetkilidir. Bu nedenle, iki tip antrepo vardır:

1. Gümrük Antrepoları: Bunlar resmi olarak kurulmuş ve gümrük idareleri tarafından yönetilen yerlerdir.
2. Özel Antrepolar: Bu tür antrepolar özel kişilerce açılır ve işletilir, ancak izin verilmesi için Müsteşarlık yetkilidir.

Bu iki tip antrepo, farklı kurallara tabidir ve her biri kendi içinde çeşitli alt kategoriye sahiptir.",2.34,5,4,3,5,5,4.4,"Sadakat: 5 | Sayisal_Dogruluk: 4 | Atif_Dogrulugu: 3 | Eksiksizlik: 5 | Uslup: 5 | Gerekçe: Cevap, sorulan soruya tam olarak cevap vermiş ve iki tip antrepo olduğunu belirtmiştir."
39,Dahilde İşleme Rejimi (DİR) şartlı muafiyet sistemi nasıl çalışır?,"Şartlı muafiyet sisteminde, serbest dolaşımda bulunan eşyanın işleme faaliyetleri sonucunda elde edilen ürünlerin ithal vergilerinden tam veya kısmi muafiyet verilir. Bu sistem, eşyanın Türkiye Gümrük Bölgesinden ihraç edilmeden önce işleme faaliyetlerine tabi tutulmasını sağlar.",1.24,5,4,3,4,4,4.0,"Sadakat: 5 | Sayisal_Dogruluk: 4 | Atif_Dogrulugu: 3 | Eksiksizlik: 4 | Uslup: 4 | Gerekçe: Cevap, şartlı muafiyet sisteminin temelini oluşturan esaslara yer vermiş ve işleme faaliyetleri sonucunda elde edilen ürünlerin ithal vergilerinden tam veya kısmi muafiyet verildiğini açıklamıştır."
40,DİR kapsamında 'Eşdeğer Eşya' kullanımı nedir?,"""Eşdeğer eşyanın kullanılması, ithal edilen eşyanın aynı özelliklere ve niteliklere sahip olduğu durumlarda, ithalat yerine serbest dolaşımda bulunan eşyayı kullanmak anlamına gelir.""",1.09,5,4,3,2,1,3.0,"Sadakat: 5 | Sayisal_Dogruluk: 4 | Atif_Dogrulugu: 3 | Eksiksizlik: 2 | Uslup: 1 | Gerekçe: Cevap, mevzuatın temelini oluşturan ""eşdeğer eşya"" kullanımını doğru olarak tanımlamış ancak bazı ayrıntıları ihmal etmiştir."
41,Hariçte İşleme Rejimi nedir?,"Hariçte İşleme Rejimi, serbest dolaşımdaki eşyanın hariçte işleme faaliyetlerine tabi tutulmak üzere Türkiye Gümrük Bölgesinden geçici olarak ihracı ve bu faaliyetler sonucunda elde edilen ürünlerin ithal vergilerinden tam veya kısmi muafiyet suretiyle yeniden serbest dolaşıma girişine ilişkin hükümlerin uygulandığı rejimdir.",1.47,5,5,4,5,5,4.8,Sadakat: 5 | Sayisal_Dogruluk: 5 | Atif_Dogrulugu: 4 | Eksiksizlik: 5 | Uslup: 5 | Gerekçe: Cevap tam ve eksiksiz olarak verilmiştir.
42,Gümrük Kontrolü Altında İşleme Rejimi hangi durumlarda tercih edilir?,"Gümrük kontrolü altında işleme rejimi, serbest dolaşıma girmemiş eşyanın niteliğini veya durumunu değiştiren işlemlere tabi tutulmaları ve bu işlemlerden elde edilen ürünlerin gümrük vergileri üzerinden serbest dolaşıma girmelerine ilişkin hükümlerin uygulandığı rejimdir.",1.39,5,4,3,2,4,3.6,"Sadakat: 5 | Sayisal_Dogruluk: 4 | Atif_Dogrulugu: 3 | Eksiksizlik: 2 | Uslup: 4 | Gerekçe: Cevap, genel olarak doğru bir şekilde gümrük kontrolü altında işleme rejimini tanımlamaktadır. Ancak, bazı detaylar eksik veya yanlış olabilir."
43,Geçici İthalat Rejimi nedir?,"Geçici İthalat Rejimi, belirli durumlarda ithal edilen eşyanın geçici olarak Türkiye Gümrük Bölgesi'nde kalmasına izin veren bir rejimdir. Bu rejim, genellikle ithalat vergileri ve diğer gümrük yükümlülüklerinin uygulanmamasını sağlar.",0.96,5,4,3,4,4,4.0,"Sadakat: 5 | Sayisal_Dogruluk: 4 | Atif_Dogrulugu: 3 | Eksiksizlik: 4 | Uslup: 4 | Gerekçe: Cevap, genel olarak geçici ithalat rejimini tanımlamış ancak bazı detayları eksik bırakmıştır."
44,İhracat Rejimi nedir?,"İhracat rejimi, ithal edilen eşyanın bir ülkeden başka bir ülkeye gönderilmesi sırasında uygulanacak gümrük rejimini ifade eder. Bu rejim, ithal edilen eşyanın ihracat vergilerine tabi tutulmasını sağlar ve ilgili hükümler saklı kalmak kaydıyla ekonomik etkili rejimlerin kullanımına ilişkin izinler ile antrepo işletme izni verilir.",1.26,5,4,3,2,4,3.6,"Sadakat: 5 | Sayisal_Dogruluk: 4 | Atif_Dogrulugu: 3 | Eksiksizlik: 2 | Uslup: 4 | Gerekçe: Cevap, İhracat Rejimi'nin tanımı konusunda eksiksiz ve doğru bir şekilde verilmiştir. Ancak, cevabın atıf doğruluğu bazı noktalarda eksik kalmaktadır."
45,Dahilde İşleme Rejimi'nde 'Geri Ödeme Sistemi' nedir?,"Eşyanın serbest dolaşıma girişi esnasında tahsil edilmiş olan ithalat vergileri, dahilde işleme rejiminden yararlanmasına geri verilir.",0.88,5,5,4,5,5,4.8,Sadakat: 5 | Sayisal_Dogruluk: 5 | Atif_Dogrulugu: 4 | Eksiksizlik: 5 | Uslup: 5 | Gerekçe: Cevap tam olarak geri ödeme sisteminin tanımı ve uygulamasını açıklamaktadır.
46,Antrepoda bulunan eşyanın başkasına devri mümkün müdür?,"Eşyanın antrepo rejimine tabi tutulmuş olması, bu durumun bazı şartlar altında devirini de mümkün kılmaktadır. Ancak, devir işlemi için gümrük idarelerinin iznine bağlıdır ve eşya gümrük antreposu dışında bulunduğu süre içinde elleçleme işlemlerine tabi tutulabilir.",1.23,5,4,3,4,4,4.0,"Sadakat: 5 | Sayisal_Dogruluk: 4 | Atif_Dogrulugu: 3 | Eksiksizlik: 4 | Uslup: 4 | Gerekçe: Cevap, sorulan soruya doğrudan cevap vermiş ve antrepo rejimine tabi tutulmuş eşyanın devirini mümkün kıldığı bazı şartlar hakkında bilgi vermiştir."
47,A Tipi antrepo ile B Tipi antrepo arasındaki fark nedir?,"A Tipi antrepler ve B Tipi antrepler arasında önemli bir fark vardır. A Tipi antrepler, genellikle daha büyük ve kompleks işlemler için tasarlanmıştır. Bu tip antreplerde, ithal edilen eşyanın muayenesi ve kontrolü daha detaylı bir şekilde yapılır. Ayrıca, A Tipi antreplerde, gümrük müfettişleri ve diğer yetkililer tarafından daha sık ziyaretler yapılabilir.

B Tipi antrepler ise genellikle daha küçük ve basit işlemler için tasarlanmıştır. Bu tip antreplerde, ithal edilen eşyanın muayenesi ve kontrolü daha hızlı bir şekilde yapılır. Ayrıca, B Tipi antreplerde, gümrük müfettişleri ve diğer yetkililer tarafından ziyaretler daha az sık olarak yapılabilir.

Bu farklar, genellikle A Tipi antreplerin daha büyük ve kompleks işlemler için uygun olduğu durumlarda ve B Tipi antreplerin ise daha küçük ve basit işlemler için uygun olduğu durumlarda görülmektedir.",2.44,5,4,3,2,4,3.6,"Sadakat: 5 | Sayisal_Dogruluk: 4 | Atif_Dogrulugu: 3 | Eksiksizlik: 2 | Uslup: 4 | Gerekçe: Cevap, mevzuata uygun olarak A Tipi antreplerin daha büyük ve kompleks işlemler için tasarlandığını ve B Tipi antreplerin ise daha küçük ve basit işlemler için uygun olduğunu açıklamaktadır."
48,Transit Rejimi'nde 'Varış İdaresi' sorumlulukları nelerdir?,"Transit Rejimi'nde Varış İdaresinin sorumlulukları arasında, transit eşyasının gümrük idarelerinin gözetimi altında aktarılmasını sağlamak ve bu durumun bir tutanakla belgelendirilmesini temin etmek yer alır.",1.17,5,4,3,2,4,3.6,"Sadakat: 5 | Sayisal_Dogruluk: 4 | Atif_Dogrulugu: 3 | Eksiksizlik: 2 | Uslup: 4 | Gerekçe: Cevap, Transit Rejimi'nde Varış İdaresinin sorumluluklarını tam olarak açıklamaktadır. Ancak, bazı detaylar eksik veya atıfta bulunularak verilmektedir."
49,Dahilde İşleme Rejimi'nde işlem görmüş ürünün vergilendirilmesi nasıl yapılır?,"İşlem görmüş ürünün vergilendirilmesinde, ithal eşyasının tabi olduğu vergi oranından daha düşük veya eşit olan ambalaj maddelerinin vergisi, ambalaj maddeleri ile birlikte ve eşyanın tabi olduğu vergi oranları üzerinden hesaplanır.",1.14,5,4,3,2,1,3.0,"Sadakat: 5 | Sayisal_Dogruluk: 4 | Atif_Dogrulugu: 3 | Eksiksizlik: 2 | Uslup: 1 | Gerekçe: Sistem cevabında, ambalaj maddelerinin vergilendirilmesinde ithal eşyasının tabi olduğu vergi oranından daha düşük veya eşit olan durumun belirtilmesi doğru ancak, bu durumun sadece ambalaj maddeleri için geçerli olacağı ve eşyanın tabi olduğu vergi oranları üzerinden hesaplanacağı açıkça belirtilmemiştir."
50,Ekonomik etkili gümrük rejimleri nelerdir?,Şartlı muafiyet sistemi ve gümrük kontrolü altında işleme rejimi.,0.87,4,5,3,2,1,3.0,"Sadakat: 4 | Sayisal_Dogruluk: 5 | Atif_Dogrulugu: 3 | Eksiksizlik: 2 | Uslup: 1 | Gerekçe: Cevap sadece iki rejimi saymış, diğerleri hakkında bilgi vermemiştir."
51,Geçici ithal edilen eşyanın Türkiye'de kalma süresi uzatılabilir mi?,Uzatılabilir.,0.51,4,5,3,2,1,3.0,"Sadakat: 4 | Sayisal_Dogruluk: 5 | Atif_Dogrulugu: 3 | Eksiksizlik: 2 | Uslup: 1 | Gerekçe: Sistem cevabında ""uzatılabilir"" ifadesi geçmektedir. Ancak, madde metninden bu hususta bir bilgiye rastlanmamaktadır."
52,İhracat sayılan satış ve teslimler nelerdir?,Türkiye'ye ihraç amacıyla satılan aynı veya benzer eşyanın birbiriyle hiçbir ilişkisi bulunmayan satıcılar ve alıcılar arasında satışındaki satış bedeli.,0.88,1,5,4,3,2,3.0,"Sadakat: 1 | Sayisal_Dogruluk: 5 | Atif_Dogrulugu: 4 | Eksiksizlik: 3 | Uslup: 2 | Gerekçe: Sistem cevabında, sorulan soruya tam olarak cevap vermemektedir."
53,Dahilde İşleme İzin Belgesi (DİİB) süreleri ne kadardır?,Altı ay.,0.64,4,5,3,2,1,3.0,Sadakat: 4 | Sayisal_Dogruluk: 5 | Atif_Dogrulugu: 3 | Eksiksizlik: 2 | Uslup: 1 | Gerekçe: Cevap altı ay olarak verilmiştir. Ancak cevabın kaynağı ve doğruluğu hakkında yeterli bilgi verilmemiştir.
54,Antrepoda yapılan 'Elleçleme' faaliyetleri nelerdir?,"Antrepo işlemleri arasında, gümrük idarelerinin izleyebilmesi veya denetim altında tutabilmesi için yapması gereken idari düzenlemelerin, söz konusu rejimden hedeflenen ekonomik amaçlarla orantılı olması gerektiği belirtilen antrepo işletme izni verilir.",1.06,5,4,3,2,4,3.6,"Sadakat: 5 | Sayisal_Dogruluk: 4 | Atif_Dogrulugu: 3 | Eksiksizlik: 2 | Uslup: 4 | Gerekçe: Cevap, mevzuata uygun olarak verilmişse de, sorulan soruya tam anlamıyla cevap verilmemiştir."
55,Transit rejiminde 'Asıl Sorumlu' kimdir?,Yetkilendirilmiş Yükümlü statüsüne sahip kişi.,0.82,5,4,3,2,1,3.0,"Sadakat: 5 | Sayisal_Dogruluk: 4 | Atif_Dogrulugu: 3 | Eksiksizlik: 2 | Uslup: 1 | Gerekçe: Cevap tam olarak transit rejiminde ""Asıl Sorumlu"" kimdir sorusuna cevap vermemektedir."
56,Gümrük kontrolü altında işleme rejiminde 'İşlem Görmüş Ürün' tanımı nedir?,"İhraç olunan işlem görmüş ürünlerin ihracat vergileri ne tabi eşdeğer eşyadan elde edilmesi durumunda, söz konusu eşdeğer eşya ihracat vergilerinden muaf tutulur.",1.03,4,5,3,2,4,3.6,"Sadakat: 4 | Sayisal_Dogruluk: 5 | Atif_Dogrulugu: 3 | Eksiksizlik: 2 | Uslup: 4 | Gerekçe: Cevap kısmında ""ihracat vergileri ne tabi"" cümlesi eksik."
57,İhracat beyannamesi verildikten sonra eşya ne kadar sürede yurt dışı edilmelidir?,"Eşyanın gümrük bölgesi dışına yeniden ihracı istenebilir. Bu durum, ihale ilanının yayımlandığı veya perakende satış kararının alındığı tarihe kadar gümrük idaresine başvurularak gerçekleştirilebilir.",1.03,4,5,3,2,1,3.0,"Sadakat: 4 | Sayisal_Dogruluk: 5 | Atif_Dogrulugu: 3 | Eksiksizlik: 2 | Uslup: 1 | Gerekçe: Sistem cevabı, ihraç beyannamesi verildikten sonra eşyanın yurt dışı edilmesi gereken süreye ilişkin olarak tam bir cevap vermemiştir."
58,Serbest bölgeler gümrük bölgesi dışında mı sayılır?,Hayır.,0.7,5,4,3,2,1,3.0,Sadakat: 5 | Sayisal_Dogruluk: 4 | Atif_Dogrulugu: 3 | Eksiksizlik: 2 | Uslup: 1 | Gerekçe: Cevap tam olarak sorulan soruya cevap vermemektedir.
59,Serbest bölgelere giren yabancı menşeli eşyanın gümrük statüsü nedir?,"Yabancı menşeli eşya serbest bölgelere girdiğinde, gümrük statüsü ""serbest dolaşıma girmiş"" olarak kabul edilir. Bu nedenle, bu tür eşyalar gümrük vergisi ödemeden serbestçe dolaşımda bulunabilirler.",1.16,5,4,3,2,1,3.0,"Sadakat: 5 | Sayisal_Dogruluk: 4 | Atif_Dogrulugu: 3 | Eksiksizlik: 2 | Uslup: 1 | Gerekçe: Cevap, sorulan soruya doğrudan ve doğruyu cevap vermişse ancak diğer kriterlere tam olarak uymamışsa bu puanlama yapılır."
60,Dahilde işleme rejiminde firesi çıkan eşyanın akıbeti ne olur?,"Eşyanın bu şekilde dahilde işleme rejiminden yararlanmasına şartlı muafiyet sistemi denir. Bu sistemin ardından, serbest dolaşımda bulunan eşyanın işlem görmüş ürünlerin üretiminde kullanılmasından sonra Türkiye Gümrük Bölgesinden ihraç edilmesi halinde, bu eşyanın serbest dolaşım a girişi esnasında tahsil edilmiş olan ithalat vergileri, dahilde işleme rejimi kapsamından geri verilir.",1.51,5,4,3,2,4,3.6,Sadakat: 5 | Sayisal_Dogruluk: 4 | Atif_Dogrulugu: 3 | Eksiksizlik: 2 | Uslup: 4 | Gerekçe: Cevap kısmında şartlı muafiyet sisteminin açıklaması eksiktir.
61,Eşyanın gümrük kıymeti belirlenirken ilk kullanılan yöntem nedir?,Türkiye'de üretilen eşyanın Türkiye içindeki satış fiyatı esas alınır.,0.82,5,5,4,5,5,4.8,"Sadakat: 5 | Sayisal_Dogruluk: 5 | Atif_Dogrulugu: 4 | Eksiksizlik: 5 | Uslup: 5 | Gerekçe: Cevap, mevzuata uygun ve eksiksiz bir şekilde verilmiştir."
62,Satış bedeli yöntemi hangi durumlarda reddedilir?,"Satış bedelinin reddedilmesi için tek başına yeterli bir neden oluşturmayan durumlar vardır. Ancak, alıcı ile satıcı arasında bir ilişkinin varlığı ve bu ilişkinin fiyatı etkilemediği belirlenirse satış bedeli kabul edilir.",0.99,4,5,4,3,4,4.0,"Sadakat: 4 | Sayisal_Dogruluk: 5 | Atif_Dogrulugu: 4 | Eksiksizlik: 3 | Uslup: 4 | Gerekçe: Cevap, satış bedelinin reddedilmesi için gerekli koşulları tam olarak açıklamış ve mevzuata uygun bir şekilde cevap vermiştir."
63,Gümrük kıymetine dahil edilmesi gereken nakliye giderleri nereye kadar olan kısmı kapsar?,"Nakliye giderlerinin gümrük kıymetine dahil edilmesi gereken kısmı, alıcı tarafından elden çıkartılması veya kullanımı sonucu doğan hasılanın bir bölümünün doğrudan veya dolaylı olarak satıcıya intikal etmesine kadar olan kısmı kapsar.",0.99,5,5,4,5,5,4.8,"Sadakat: 5 | Sayisal_Dogruluk: 5 | Atif_Dogrulugu: 4 | Eksiksizlik: 5 | Uslup: 5 | Gerekçe: Cevap, mevzuata uygun ve eksiksiz bir şekilde nakliye giderlerinin gümrük kıymetine dahil edilmesi gereken kısmını açıklamaktadır."
64,Sigorta giderleri gümrük kıymetine nasıl dahil edilir?,"Sigorta giderleri, gümrük kıymetinin tespitinde dikkate alınmaz. Gümrük kıymeti, eşyanın kendi ağırlığı ile tüm ambalaj maddeleri ve kapların ağırlıkları toplamı veya net ağırlığa atıfta bulunulan hallerde, eşyanın kendi ağırlığı olarak değerlendirilir.",1.35,5,5,4,5,5,4.8,"Sadakat: 5 | Sayisal_Dogruluk: 5 | Atif_Dogrulugu: 4 | Eksiksizlik: 5 | Uslup: 5 | Gerekçe: Cevap, mevzuata uygun ve eksiksiz bir şekilde verilmiştir."
65,Rücu hakları ve royalti ödemeleri gümrük kıymetini etkiler mi?,"Rüçün hakları ve royalti ödemeleri, bir malın değerini doğrudan etkileyebilir. Bu nedenle, bu tür ödemelerin yapıldığı durumlarda, malın gümrük kıymeti de buna göre belirlenmelidir.",1.0,5,4,3,2,1,3.0,"Sadakat: 5 | Sayisal_Dogruluk: 4 | Atif_Dogrulugu: 3 | Eksiksizlik: 2 | Uslup: 1 | Gerekçe: Cevap, genel olarak doğru bir ifade içermektedir. Ancak, royalti ödemeleri ve rüçün hakları gümrük kıymetini etkileyebilir ancak bu durumun açıkça belirtildiği maddeler bulunmamaktadır."
66,İndirgenmiş değer yöntemi nedir?,"İndirgenmiş değer yöntemi, bir malın veya hizmetin gerçek değeri yerine daha düşük bir değere göre vergilendirilmesini sağlayan bir yöntem olarak tanımlanabilir. Bu yöntem, genellikle malın veya hizmetin satıldığı fiyatının altında bir değerleme yaparak belirlenir.",1.18,4,5,3,2,4,3.6,"Sadakat: 4 | Sayisal_Dogruluk: 5 | Atif_Dogrulugu: 3 | Eksiksizlik: 2 | Uslup: 4 | Gerekçe: Cevap, genel olarak indirgenmiş değer yöntemini tanımlamış ancak mevzuatta yer alan bazı ayrıntıları göz ardı etmiştir."
67,Hesaplanmış değer yöntemi nasıl uygulanır?,"Gümrük kıymetinin belirlenmesinde, hesaplanmış değer yöntemine başvurulduğunda, öncelikle 24 üncü madde hükümlerine göre denk bir kıymet tespit edilmeye çalışılır. Eğer bu mümkün olmazsa, 25 inci maddenin 2 nci fıkrasının (a), (b), (c) ve (d) bentlerinin sıra halinde uygulanmasıyla gümrük kıymeti belirlenir. Bu süreçte, beyan sahibinin yazılı talebi ile (c) ve (d) bentlerinin uygulama sırasının değiştirilmesi mümkündür.",1.6,5,4,3,4,5,4.2,"Sadakat: 5 | Sayisal_Dogruluk: 4 | Atif_Dogrulugu: 3 | Eksiksizlik: 4 | Uslup: 5 | Gerekçe: Cevap, mevzuata uygun olarak hesaplanmış değer yönteminin nasıl uygulanacağını açıklamaktadır."
68,Eşyanın menşei (Origin) nasıl belirlenir?,"Eşyanın menşeinin belirlenmesi, üretimin birden fazla ülkede gerçekleştirilmesine bağlı olarak farklı kurallara tabi tutulur. Üretimi birden fazla ülkede gerçekleşen eşyanın bir ülke menşeli sayılabilmesi için, o ülkede yeni bir ürünün imal edilmesi veya imalatın önemli bir aşamasının ve ekonomik yönden gerekli görülen en son esaslı işçilik ve eylemin o ülkede bu amaçla donatılmış işletmelerde yapılması gerekir.",1.61,5,4,3,2,4,3.6,"Sadakat: 5 | Sayisal_Dogruluk: 4 | Atif_Dogrulugu: 3 | Eksiksizlik: 2 | Uslup: 4 | Gerekçe: Cevap, menşe belirlenmesi konusunda temel kuralları doğru bir şekilde açıklamış ancak üretimin birden fazla ülkede gerçekleştirilmesine bağlı olarak farklı kurallara tabi tutulduğunu tam olarak açıklamamıştır."
69,Tamamen bir ülkede elde edilen eşya ne demektir?,"Tamamen bir ülkede elde edilen eşyanın anlamı, o eşyanın üretim sürecinin tamamının o ülkede gerçekleşmiş olmasıdır. Bu, üretimin her aşamasının o ülkede gerçekleştirildiğini ve ürünün menşeinin de o ülkede olduğunu ifade eder.",1.21,5,4,3,2,4,3.6,"Sadakat: 5 | Sayisal_Dogruluk: 4 | Atif_Dogrulugu: 3 | Eksiksizlik: 2 | Uslup: 4 | Gerekçe: Cevap, genel olarak doğru bir şekilde tamamlanmış olsa da, bazı detaylar eksik bırakılmıştır."
70,Yeterli işçilik ve işleme kriteri nedir?,"Madde 19'da belirtilen kriterlere göre, bir eşyanın bir ülke menşeli sayılabilmesi için o ülkede yeni bir ürünün imal edilmesi veya imalatın önemli bir aşamasının ve ekonomik yönden gerekli görülen en son esaslı işçilik ve eylemin o ülkede bu amaçla donatılmış işletmelerde yapılması gerekir.",1.3,5,5,4,5,5,4.8,"Sadakat: 5 | Sayisal_Dogruluk: 5 | Atif_Dogrulugu: 4 | Eksiksizlik: 5 | Uslup: 5 | Gerekçe: Cevap, mevzuata tam olarak uygun ve eksiksiz bir şekilde verilmiştir."
71,Tercihli menşe ile tercihli olmayan menşe arasındaki fark nedir?,"Tercihli menşe ve tercihli olmayan menşe arasında temel fark, eşyanın gerçek menşeinin belirlenmesi yöntemidir. Tercihli menşe, üretimin gerçekleştiği ülkeden farklı bir ülke ürününü gösteren işaretler taşıyan eşyayı ifade ederken, tercihli olmayan menşe, Türkiye'ye ithaline izin verilmeyen ve gerçek menşeinin gösterilmesi gereken eşyayı kapsar.",1.51,5,4,3,2,4,3.6,"Sadakat: 5 | Sayisal_Dogruluk: 4 | Atif_Dogrulugu: 3 | Eksiksizlik: 2 | Uslup: 4 | Gerekçe: Cevap, tercihli menşe ve tercihli olmayan menşe arasındaki farkı açıklayarak sorunun cevabını tam olarak vermişse de, tercihli menşe ile ilgili açıklamada eksiklikler mevcuttur."
72,A.TR dolaşım belgesi hangi ticaret kapsamında kullanılır?,"A.TR dolaşım belgesinin kullanılması, genellikle konsinye şeklinde teslim edilen çabuk bozulabilir eşyanın gümrük kıymetinin basitleştirilmiş usullere göre belirlenmesine ilişkindir. Bu tür eşya için A.TR dolaşım belgesi kullanılır.",1.16,5,4,3,2,4,3.6,Sadakat: 5 | Sayisal_Dogruluk: 4 | Atif_Dogrulugu: 3 | Eksiksizlik: 2 | Uslup: 4 | Gerekçe: Cevap kısmında A.TR dolaşım belgesinin kullanılması ile konsinye şeklinde teslim edilen çabuk bozulabilir eşyanın gümrük kıymetinin basitleştirilmiş usullere göre belirlenmesine ilişkin bir bağlantı kurulmamıştır.
73,EUR.1 ve EUR-MED belgeleri arasındaki fark nedir?,"EUR.1 ve EUR-MED belgeleri arasında temel fark, bu belgelerin hangi bölgede geçerli olduğudır.

EUR.1 belgesi, Avrupa Birliği (AB) ile gümrük birliği anlaşması bulunan ülkelerde kullanılır. Bu belge, AB üyesi ülkeler ile gümrük birliği anlaşması bulunan ülkeler arasındaki ticarette, eşyanın AB'deki vergilendirme rejimine uygunluğunu kanıtlamak için kullanılır.

EUR-MED belgesi ise, Avrupa Birliği ile Kuzey Afrika ve Ortadoğu ülkeleri arasında imzalanan serbest ticaret anlaşmaları çerçevesinde kullanılır. Bu belge, bu bölgede bulunan ülkeler arasındaki ticarette, eşyanın AB'deki vergilendirme rejimine uygunluğunu kanıtlamak için kullanılır.

Bu nedenle, EUR.1 ve EUR-MED belgelerinin kullanımı farklı bölgelerde farklıdır.",2.16,5,5,4,5,5,4.8,"Sadakat: 5 | Sayisal_Dogruluk: 5 | Atif_Dogrulugu: 4 | Eksiksizlik: 5 | Uslup: 5 | Gerekçe: Cevap, sorulan soruya tam olarak cevap veriyor ve doğru bilgiler paylaşıyor."
74,Menşe şahadetnamesi hangi durumlarda zorunludur?,"Menşe şahadetnameleri, bazı özel durumlar dışında aranmaz. Ancak, ciddi bir şüphe durumunda, ek kanıtları isteme konusunda gümrük idareleri yetkilidir.",1.1,2,1,3,4,5,3.0,"Sadakat: 2 | Sayisal_Dogruluk: 1 | Atif_Dogrulugu: 3 | Eksiksizlik: 4 | Uslup: 5 | Gerekçe: Menşe şahadetnamesi zorunluluğu, mevzuatta açıkça belirlenmiş durumlar dışında aranmaz."
75,Kümülasyon (Menşe birikimi) nedir?,"Kümülasyon, bir ürünün birden fazla ülkeden farklı bileşenleri veya malzemeleri içeren bir kombinasyonu anlamına gelir. Bu, menşe birikimi olarak da bilinir ve genellikle ithal edilen eşyanın gerçek menşeinin belirlenmesinde önemli bir faktör olarak dikkate alınır.",1.15,5,4,3,2,1,3.0,"Sadakat: 5 | Sayisal_Dogruluk: 4 | Atif_Dogrulugu: 3 | Eksiksizlik: 2 | Uslup: 1 | Gerekçe: Cevap, kümülasyonun menşe birikimi olduğu konusunda doğru bir bilgi sunuyor ancak, açıklamada bazı eksiklikler ve atıf yapma noktasında kusurlar var."
76,Gümrük Kanunu Madde 234 uyarınca vergi farkı cezaları nasıl hesaplanır?,"Vergi farkı cezaları, gümrük vergileri tutarının kesin olarak tespiti halinde belirlenir. Diğer hallerde ise tahakkuk eden veya edilebilecek gümrük vergilerinin en yüksek tutarı esas alınarak hesaplanır.",1.1,5,4,3,2,1,3.0,"Sadakat: 5 | Sayisal_Dogruluk: 4 | Atif_Dogrulugu: 3 | Eksiksizlik: 2 | Uslup: 1 | Gerekçe: Cevap, vergi farkı cezaları hesaplamasında genel bir açıklama içermektedir."
77,Eşyanın mülkiyetinin kamuya geçirilmesi kararı hangi durumlarda verilir?,Eşyanın mülkiyetinin kamuya geçirilmesi kararı müsadere kararı verilmesi halinde verilebilir.,0.62,1,2,3,4,5,3.0,"Sadakat: 1 | Sayisal_Dogruluk: 2 | Atif_Dogrulugu: 3 | Eksiksizlik: 4 | Uslup: 5 | Gerekçe: Cevap sadece müsadere kararı verilmesi halinde mülkiyetin kamuya geçirileceği şeklinde sınırlı kalmış, diğer durumlar için herhangi bir açıklama yapılmamıştır."
78,Gümrük Kanunu Madde 235 uyarınca yasaklı eşya ithalinin cezası nedir?,Bu sorunun cevabı bulunamadı.,0.62,1,5,4,3,2,3.0,"Sadakat: 1 | Sayisal_Dogruluk: 5 | Atif_Dogrulugu: 4 | Eksiksizlik: 3 | Uslup: 2 | Gerekçe: Sorunun cevabı bulunamadığı için Sadakat puanı 1 olarak verildi. Cevap, yasaklı eşya ithalinin cezasını açıklayan Gümrük Kanunu Madde 235'e atıfta bulunsa da, bu maddeye göre cevabın verilmediği görüldü."
79,Gümrük uzlaşma komisyonu kararlarına karşı dava açılabilir mi?,"Hayır, gümrük uzlaşma komisyonu kararları kesin olup, gereği idarece derhal yerine getirilir. Vergi yükümlüsü veya ceza muhatabı, üzerinde uzlaşılan ve tutanakla tespit olunan hususlar hakkında dava açamaz.",1.1,5,5,4,5,5,4.8,"Sadakat: 5 | Sayisal_Dogruluk: 5 | Atif_Dogrulugu: 4 | Eksiksizlik: 5 | Uslup: 5 | Gerekçe: Cevap, mevzuata uygun ve eksiksiz bir şekilde verilmiştir."
80,Gümrük cezalarında indirim sağlanan durumlar nelerdir?,"Beyan sahibi tarafından aykırılıkların gümrük idaresince tespit edilmesinden önce bildirilmesi durumunda, söz konusu cezalar yüzde on nisbetinde uygulanır.",0.95,5,5,4,5,5,4.8,Sadakat: 5 | Sayisal_Dogruluk: 5 | Atif_Dogrulugu: 4 | Eksiksizlik: 5 | Uslup: 5 | Gerekçe: Cevap tam olarak sorulan soruya cevap veriyor ve mevzuata uygun.
81,Pişmanlık ve ıslah gümrük cezalarında uygulanır mı?,Hayır.,0.49,5,4,3,2,1,3.0,"Sadakat: 5 | Sayisal_Dogruluk: 4 | Atif_Dogrulugu: 3 | Eksiksizlik: 2 | Uslup: 1 | Gerekçe: Cevap, mevzuata uygun değildir. Pişmanlık ve ıslah gümrük cezaları uygulanmaz."
82,Gümrük idaresine eksik miktar beyan edilmesinin cezası nedir?,Usulsüzlük cezası uygulanır.,0.6,5,4,3,2,1,3.0,"Sadakat: 5 | Sayisal_Dogruluk: 4 | Atif_Dogrulugu: 3 | Eksiksizlik: 2 | Uslup: 1 | Gerekçe: Cevap usulsüzlük cezası uygulanır. ifadesi eksik ve tam olarak cevabın verilmediği için eksiksizlik puanı düşük, ayrıca cevap sistemin cevabı ile aynı değildir."
83,Gümrük Kanunu Madde 236 uyarınca antrepo rejimi ihlallerinin cezası nedir?,Bu konuya ilişkin bir bilgi bulunmamaktadır.,0.54,1,5,4,0,2,2.4,"Sadakat: 1 | Sayisal_Dogruluk: 5 | Atif_Dogrulugu: 4 | Eksiksizlik: 0 | Uslup: 2 | Gerekçe: Cevap verememe nedeniyle Sadakat puanı 1, Sayisal Doğruluk puanı 5 (ceza oranının %10 olması gerektiği biliniyor), Atif Doğruluğu puanı 4 (cezanın ne olduğu bilinmiyor), Eksiksizlik puanı 0 (ceza oranı ve tutar bilinmiyor) ve Uslup puanı 2 (cümleler tamamlanmamış)."
84,Kaçakçılıkla Mücadele Kanunu ile Gümrük Kanunu arasındaki ilişki nedir?,"Kaçakçılık suçları ile ilişkili olması hâlinde, gümrük vergileri ve cezalarına ilişkin fiilin bu madde hükmüne uymayacağı için, Kaçakçılıkla Mücadele Kanunu ile Gümrük Kanunu arasında bir ilişki vardır.",1.12,5,4,3,5,5,4.4,"Sadakat: 5 | Sayisal_Dogruluk: 4 | Atif_Dogrulugu: 3 | Eksiksizlik: 5 | Uslup: 5 | Gerekçe: Cevap, kaçakçılıkla mücadele kanunu ile gümrük kanununun arasındaki ilişkiyi doğru olarak açıklamıştır."
85,Gümrük vergilerinin tecil ve taksitlendirilmesi mümkün müdür?,"Gümrük vergileri için tecil ve taksitlendirme mümkündür. Bu durum, gümrük idarelerinin takdir yetkisi kapsamında belirlenir.",1.0,4,5,3,2,1,3.0,"Sadakat: 4 | Sayisal_Dogruluk: 5 | Atif_Dogrulugu: 3 | Eksiksizlik: 2 | Uslup: 1 | Gerekçe: Sistem cevabı, gümrük vergilerinin tecil ve taksitlendirilmesi mümkünmüş gibi görünmesine rağmen, mevzuatın belirttiği üzere bu durumun gümrük idarelerinin takdir yetkisi kapsamında belirlendiği ifade edilmiştir."
86,Tasfiyelik eşyanın satış yöntemleri nelerdir?,"Tasfiyelik eşya için iki farklı satış yöntemi uygulanabilir. Birincisi, tasfiyelik eşyanın alıcı ile satıcı arasında bir ilişki bulunmaması durumunda, satış bedelinin emsal kıymetlere göre belirlenmesi. İkincisi, alıcı ile satıcı arasında bir ilişki bulunan durumlarda, satış bedelinin aynı veya yakın bir tarihte gerçekleşen emsal kıymetlerden birine çok yakın olduğu ispatlanabilirse, bu satış bedeli kabul edilebilir ve eşyanın kıymeti belirlenebilir.",1.7,4,5,5,3,4,4.2,"Sadakat: 4 | Sayisal_Dogruluk: 5 | Atif_Dogrulugu: 5 | Eksiksizlik: 3 | Uslup: 4 | Gerekçe: Cevap, tasfiyelik eşyanın satış yöntemleri konusunda eksiksiz bir bilgi sunuyor."
87,Gümrük vergilerine itiraz edilmesi ödemeyi durdurur mu?,İtiraz edilen gümrük vergileri için ödeme durdurulur.,0.8,5,4,3,5,5,4.4,Sadakat: 5 | Sayisal_Dogruluk: 4 | Atif_Dogrulugu: 3 | Eksiksizlik: 5 | Uslup: 5 | Gerekçe: Sistem cevabı tam olarak madde 211'de belirtilen hükme uygun.
88,İdari yargı sürecinde gümrük davaları nerede açılır?,"İdari yargı sürecinde gümrük davaları, idarenin merkezi olan Ankara'da açılır.",0.92,1,0,2,4,3,2.0,"Sadakat: 1 | Sayisal_Dogruluk: 0 | Atif_Dogrulugu: 2 | Eksiksizlik: 4 | Uslup: 3 | Gerekçe: Sistem cevabı doğru değildir. İdari yargı sürecinde gümrük davaları, idarenin merkezi olan Ankara'da açılır."
89,Gümrük müşavirinin cezai sorumluluğu hangi durumlarda şahsidir?,"Gümrük müşaviri ve gümrük müşavir yardımcısı, görevleri sırasında veya görevleri sebebiyle işledikleri suçlardan dolayı ceza alabilirler. Bu durum, Türk Ceza Kanunu'nun Devlet memurlarına ait hükümlerine göre uygulanır.",1.12,5,5,4,5,5,4.8,"Sadakat: 5 | Sayisal_Dogruluk: 5 | Atif_Dogrulugu: 4 | Eksiksizlik: 5 | Uslup: 5 | Gerekçe: Cevap, mevzuata uygun ve eksiksiz bir şekilde verilmiştir."
90,Eşyanın gümrük idaresince alıkonulması durumunda ardiye ücreti kim tarafından ödenir?,"Eşyanın gümrük idaresince alıkonması durumunda ardiye ücreti, eşya sahibine teslim edilirken ödenir.",0.9,5,4,3,2,1,3.0,Sadakat: 5 | Sayisal_Dogruluk: 4 | Atif_Dogrulugu: 3 | Eksiksizlik: 2 | Uslup: 1 | Gerekçe: Sistem cevabında ardiye ücretinin ödenmesi hususunda herhangi bir açıklama yapılmamıştır.
91,Türkiye'den ihraç edilen bir ürünün yabancı ülkede gümrükten çekilemeyip geri gelmesi (Madde 168) prosedürü nedir?,"İthalat vergileri iade edilmez. Bu durum, tarım politikası çerçevesinde ithal veya ihracat lisansı veya sertifikasının ibrazı gerektiren ürünler için de geçerlidir.",1.02,1,5,4,2,3,3.0,"Sadakat: 1 | Sayisal_Dogruluk: 5 | Atif_Dogrulugu: 4 | Eksiksizlik: 2 | Uslup: 3 | Gerekçe: Sistem cevabında, sorulan soruya ilişkin herhangi bir bilgi veya açıklama bulunmamaktadır."
92,Enkaz ve atık haline gelmiş eşyanın gümrük statüsü nasıl değişir?,"Eşyanın enkaz veya atık haline gelmesi halinde, gümrük yükümlülüğü doğmuş sayılır. Bu durum, eşyanın kaybının kanıtlanamaması halinde veya eşyanın kaybolması halinde uygulanabilir.",0.97,5,4,3,2,1,3.0,"Sadakat: 5 | Sayisal_Dogruluk: 4 | Atif_Dogrulugu: 3 | Eksiksizlik: 2 | Uslup: 1 | Gerekçe: Cevap, sorulan soruya doğrudan yanıt vermemektedir."
93,Gümrük Kanunu'nda mücbir sebep olarak kabul edilen haller nelerdir?,"Mücbir sebep olarak kabul edilen hallere ilişkin bilgi, Geçici Madde 4'te yer almaktadır. Bu maddeye göre, tasfiyelik hale gelmiş eşyanın ihale ilanının henüz yayınlanmamış veya perakende satışına karar verilmemiş olması ve beyan sahibinin bu Kanunun yürürlük tarihinden itibaren otuz gün içinde gümrük idaresine başvurması halinde, bu Kanunun 179 uncu maddesi hükümleri uygulanır.",1.48,5,4,3,2,1,3.0,"Sadakat: 5 | Sayisal_Dogruluk: 4 | Atif_Dogrulugu: 3 | Eksiksizlik: 2 | Uslup: 1 | Gerekçe: Cevap, mücbir sebep olarak kabul edilen hallerin sadece Geçici Madde 4'te yer aldığını ve bu maddeye göre tasfiyelik hale gelmiş eşyanın ihale ilanının henüz yayınlanmamış veya perakende satışına karar verilmemiş olması halinde bu Kanunun 179 uncu maddesi hükümleri uygulanacağını belirtmektedir."
94,Açık denizde parçalanan bir geminin parçalarının kıyıya vurması durumunda gümrük işlemi nasıl yapılır?,"Gümrük işlemleri, genellikle gemilerin giriş veya çıkış noktalarında uygulanır. Ancak, açık denizde parçalanan bir geminin parçalarının kıyıya vurması durumunda, bu durumun niteliğine göre farklı bir yaklaşım söz konusu olabilir.

Bu tür durumlarda, öncelikle gemi ve yüklerinin denetimi yapılır. Gemiye ait olan ve kıyıya vuran parçaların gümrükçe kontrolü ve onayı gerekebilir. Eğer bu parçalar transit eşyası ise, ilgili gümrük idaresince mühür alınıp, gerekli işlemler tamamlanabilir.

Ayrıca, denetleme ve gümrük işlemlerinde kolaylık sağlamak amacıyla Müsteşarlık yetkilidir. Bu nedenle, bu tür durumlarda Müsteşarlığın belirleyeceği usul ve esaslar dikkate alınmalıdır.

Sonuç olarak, açık denizde parçalanan bir geminin parçalarının kıyıya vurması durumunda gümrük işlemi, ilgili gümrük idaresince denetleme ve kontrol işlemlerinin ardından tamamlanabilir.",2.55,4,5,3,2,4,3.6,"Sadakat: 4 | Sayisal_Dogruluk: 5 | Atif_Dogrulugu: 3 | Eksiksizlik: 2 | Uslup: 4 | Gerekçe: Cevap, genel olarak doğru bir şekilde gümrük işlemlerinin nasıl yapılacağına dair bilgi vermektedir. Ancak, bazı noktalarda eksik ve net olmayan ifadeler mevcuttur."
95,Fikri ve sınai mülkiyet hakları kapsamında gümrükte durdurulan eşya süreci nasıldır?,"Eşyanın niteliğini veya durumunu değiştiren işlemlere tabi tutulmaları için, öncelikle gümrük idaresinden izin alınması gerekir. Bu izin, işleme işini yapan veya yaptıran kişinin talebi üzerine verilir ve belirli şartlar aranır. Eşya, ithal eşyasının teşhisinin mümkün olduğu, işlenmesinden sonra rejime tabi tutulduğu sıradaki niteliğine veya durumuna dönüştürülmesinin ekonomik olarak mümkün olmadığı, rejimin uygulanmasının ithal eşyasının tabi olduğu menşe ve miktar kısıtlaması kurallarının etkilerini saptırmayacağı, Türkiye'deki benzer eşyanın üreticilerinin temel ekonomik çıkarlarını olumsuz etkilemeyen bir işleme faaliyeti yaratma veya devam ettirme yönündeki ekonomik amaçlara uyulduğu durumlarda verilir.",2.23,4,5,3,2,1,3.0,"Sadakat: 4 | Sayisal_Dogruluk: 5 | Atif_Dogrulugu: 3 | Eksiksizlik: 2 | Uslup: 1 | Gerekçe: Cevap, sorulan soruya kısmen cevap veriyor. Ancak, cevabın bazı kısımları eksik ve anlaşılmaz."
96,Geçici ithal edilen bir eşyanın Türkiye'de çalınması durumunda gümrük yükümlülüğü doğar mı?,"Gümrük yükümlülüğü, eşyanın Türkiye Gümrük Bölgesine bu Kanuna aykırı olarak girişi tarihinde başlar. Bu nedenle, geçici ithal edilen bir eşyanın Türkiye'de çalınması durumunda gümrük yükümlülüğü doğmaz.",1.01,5,4,3,5,5,4.4,"Sadakat: 5 | Sayisal_Dogruluk: 4 | Atif_Dogrulugu: 3 | Eksiksizlik: 5 | Uslup: 5 | Gerekçe: Cevap, mevzuata uygun olarak ve eksiksiz bir şekilde verilmiştir."
97,İthalat sırasında faturada gösterilmeyen bir iskonto sonradan gümrük kıymetinden düşülebilir mi?,"Hayır, faturada gösterilmeyen bir iskonto sonradan gümrük kıymetinden düşülemez. Bu durum, beyan edilen gümrük rejimi hükümlerine göre teminat istenmesi halinde, söz konusu teminat alınmadan eşya teslim edilemeyeceği anlamına gelir.",1.04,4,5,3,2,4,3.6,"Sadakat: 4 | Sayisal_Dogruluk: 5 | Atif_Dogrulugu: 3 | Eksiksizlik: 2 | Uslup: 4 | Gerekçe: Sistem cevabında, faturada gösterilmeyen bir iskonto sonradan gümrük kıymetinden düşülemez. Ancak, beyan edilen gümrük rejimi hükümlerine göre teminat istenmesi halinde, söz konusu teminat alınmadan eşya teslim edilemeyeceği ifade edilmiştir."
98,"Bağlayıcı tarife bilgisinin hata nedeniyle iptali durumunda, bu bilgiye güvenerek işlem yapan yükümlünün durumu ne olur?","Talep edenin verdiği yanlış veya eksik bilgiye dayanan bağlayıcı bilgi iptal edilir. Bu durumda, yükümlü bu bilgiyi kullanmışsa ve yanlış bilgiye dayanarak işlem yapmışsa, sorumluluğu olabilir. Yükümlü, hata nedeniyle iptali gerçekleşen bağlayıcı tarife bilgisine güvenerek işlem yapmamalıdır.",1.22,5,4,4,5,5,4.6,"Sadakat: 5 | Sayisal_Dogruluk: 4 | Atif_Dogrulugu: 4 | Eksiksizlik: 5 | Uslup: 5 | Gerekçe: Cevap, mevzuata uygun olarak ve eksiksiz bir şekilde sorulan soruya cevap vermiştir."
99,Gümrük Kanunu Madde 174 uyarınca eşyanın imha edilmesi vergi borcunu siler mi?,"Eşyanın imha edilmesi, gümrük vergileri için bir seçenek olarak kabul edilir. Bu durum, ilgili kişinin talebi üzerine gümrük idaresince onaylanabilir. İmha edilen eşya, serbest dolaşımda olmayan eşya olarak değerlendirilir.",1.11,4,5,3,2,4,3.6,"Sadakat: 4 | Sayisal_Dogruluk: 5 | Atif_Dogrulugu: 3 | Eksiksizlik: 2 | Uslup: 4 | Gerekçe: Sistem cevabında, eşyanın imha edilmesi ile vergi borcu arasındaki ilişki açıkça belirtilmemiştir."
100,Kripto madencilik cihazlarının ithalatında ÖTV ve KDV matrahı nasıl oluşturulur?,"Kripto madencilik cihazlarının ithalatında, ÖTV (Özel Tüketim Vergisi) ve KDV (Katma Değer Vergisi) matrahının hesaplanması için bazı kriterler dikkate alınır.

İlk olarak, ithal edilen kripto madencilik cihazlarının türüne göre farklı vergi oranları uygulanabilir. Örneğin, bazı cihazlar için %18, diğerleri için ise %8 veya %2 gibi daha düşük vergi oranları geçerli olabilir.

KDV matrahının hesaplanması için, ithal edilen cihazların maliyet bedelleri dikkate alınır. Bu maliyet bedelleri, ithalatçı tarafından belirlenir ve gümrük beyannamesinde gösterilir. KDV matrahı, bu maliyet bedellerinin %18'ini (veya diğer geçerli vergi oranını) ifade eder.

ÖTV matrahının hesaplanması için ise, cihazların ithal edildikten sonra Türkiye'de satışı veya kullanımına ilişkin kriterler dikkate alınır. Eğer cihazlar Türkiye'de satılmazsa veya kullanılmazsa, ÖTV matrahı hesaplanmaz. Ancak, cihazlar Türkiye'de satılır veya kullanılır ise, ÖTV matrahı hesaplanır ve %8 veya %2 gibi daha düşük vergi oranları uygulanabilir.

Bu kriterler dikkate alınarak, ithal edilen kripto madencilik cihazlarının ÖTV ve KDV matrahının hesaplanması sağlanır.",3.22,5,4,3,4,4,4.0,"Sadakat: 5 | Sayisal_Dogruluk: 4 | Atif_Dogrulugu: 3 | Eksiksizlik: 4 | Uslup: 4 | Gerekçe: Cevap, kripto madencilik cihazlarının ithalatında ÖTV ve KDV matrahının hesaplanması için gerekli kriterleri tam olarak açıklamış ancak bazı detaylar eksik bırakmıştır."
